,0,1,2,3,4,5,6,7,8,9,10,11,12,13,14,15,16,17,18,19,20,21,22,23,24,25,26,27,28,29,30,31,32,33,34,35,36,37,38,39,40,41
0,-213.18484,-265.41263,-256.339,-289.8122,-303.22766,-252.05673,-320.2779,152.09706,221.44684,219.8341,247.0263,265.33057,227.92601,299.2652,129.17859,128.06592,80.5697,148.09067,185.76044,128.36194,169.77548,124.41905,99.589775,97.35783,159.79373,219.73883,157.26448,220.49539,1517.5854,1343.2799,1154.1912,986.8938,902.3933,882.0899,801.1941,1519.4985,1258.1632,1152.7029,1053.2906,911.1277,883.22534,812.0084
1,-212.87138,-265.56372,-257.55682,-289.85443,-302.00003,-253.91125,-320.5302,152.03888,221.9488,220.27205,247.64404,265.9248,228.76009,300.0527,129.85109,129.03793,81.65027,150.34427,188.83679,129.07738,173.66324,124.39787,99.257744,96.99461,159.45695,219.59094,156.89308,220.35458,1517.5669,1343.5181,1154.4487,987.3355,902.8314,882.2931,801.68304,1519.5852,1258.2965,1152.8435,1053.4066,911.3081,883.3818,812.224
2,-212.53195,-265.68658,-258.73145,-289.88855,-300.79742,-255.67902,-320.73285,152.02592,222.45618,220.72737,248.26466,266.5226,229.60504,300.856,130.58984,130.10838,82.82212,152.69017,191.9712,130.00784,177.63806,124.369644,98.92833,96.64752,159.15378,219.46909,156.55127,220.25475,1517.5453,1343.7484,1154.6785,987.7622,903.25366,882.5028,802.18304,1519.655,1258.4213,1152.9731,1053.5273,911.4871,883.53406,812.4471
3,-212.13696,-265.74963,-259.82455,-289.8893,-299.60852,-257.29968,-320.83557,152.09856,222.97813,221.2236,248.8981,267.1345,230.47453,301.6896,131.46863,131.36987,84.18858,155.24005,195.24814,131.34625,181.8178,124.34196,98.60651,96.33024,158.90843,219.39311,156.2643,220.22766,1517.5026,1343.9509,1154.846,988.1503,903.6343,882.70905,802.69476,1519.6765,1258.5142,1153.0659,1053.6377,911.6455,883.6611,812.6638
4,-211.66486,-265.72806,-260.8073,-289.81915,-298.38702,-258.76196,-320.8077,152.28114,223.52052,221.77983,249.55447,267.77264,231.37495,302.55865,132.54059,132.87433,85.83619,158.09775,198.75473,133.21092,186.32239,124.32864,98.29625,96.049545,158.7294,219.37459,156.0539,220.2916,1517.4226,1344.1078,1154.9271,988.48413,903.95337,882.89557,803.22186,1519.6246,1258.5552,1153.1011,1053.7194,911.76575,883.7433,812.8573
5,-211.10387,-265.6057,-261.66266,-289.633,-297.05972,-260.1004,-320.63885,152.5795,224.0862,222.40836,250.24318,268.44913,232.3043,303.45856,133.83469,134.63034,87.82572,161.34552,202.56973,135.63641,191.25711,124.35056,98.00044,95.80392,158.60889,219.41605,155.93565,220.44995,1517.2905,1344.2028,1154.9097,988.7548,904.19806,883.04047,803.7669,1519.4814,1258.5281,1153.062,1053.7515,911.83246,883.763,813.0074
6,-210.45111,-265.3748,-262.38535,-289.28885,-295.55093,-261.3724,-320.33295,152.9832,224.67717,223.11356,250.97212,269.1732,233.25449,304.37857,135.35864,136.6149,90.18586,165.02852,206.74777,138.58719,196.68857,124.43542,97.72111,95.584,158.52756,219.51273,155.91635,220.69402,1517.0884,1344.2188,1154.7876,988.9553,904.36005,883.1171,804.3234,1519.2313,1258.4175,1152.9341,1053.7094,911.8291,883.70123,813.0898
7,-209.70955,-265.03455,-262.9791,-288.76022,-293.81204,-262.6251,-319.89856,153.47202,225.29767,223.89285,251.74774,269.94846,234.216,305.3075,137.10657,138.79254,92.91057,169.14262,211.30396,141.98528,202.62213,124.61645,97.45976,95.37459,158.46196,219.65549,155.99205,221.0086,1516.7922,1344.134,1154.5541,989.0728,904.4314,883.095,804.86725,1518.8545,1258.2036,1152.698,1053.5625,911.73376,883.5332,813.07434
8,-208.884,-264.58853,-263.4526,-288.0451,-291.8429,-263.86707,-319.34003,154.02383,225.95663,224.73941,252.5756,270.77206,235.18378,306.23895,139.06793,141.13385,95.96154,173.63147,216.20543,145.74022,208.99097,124.93002,97.21782,95.1579,158.3917,219.83386,156.14769,221.37804,1516.3682,1343.9205,1154.1943,989.0834,904.39935,882.94025,805.3519,1518.3198,1257.8577,1152.3252,1053.2723,911.514,883.22473,812.92365
9,-207.97748,-264.0425,-263.81512,-287.16675,-289.6955,-265.0561,-318.65216,154.62141,226.66832,225.64632,253.46124,271.63562,236.16136,307.17447,141.23521,143.62596,99.27597,178.39557,221.3743,149.77057,215.66354,125.41224,96.997154,94.917725,158.30432,220.03802,156.35864,221.79008,1515.7731,1343.5425,1153.6825,988.94946,904.2425,882.6165,805.7111,1517.5826,1257.3392,1151.7747,1052.7915,911.1239,882.73016,812.5915
10,-206.98923,-263.40247,-264.0741,-286.16638,-287.45764,-266.10797,-317.82056,155.25586,227.4502,226.61066,254.41049,272.52783,237.16187,308.12286,143.60815,146.27298,102.778534,183.31158,226.70181,154.01271,222.46945,126.094864,96.80111,94.64386,158.197,220.25926,156.59367,222.23647,1514.9589,1342.9601,1152.983,988.62354,903.92944,882.08685,805.86847,1516.5864,1256.5967,1150.9945,1052.0654,910.5054,881.995,812.0242
11,-205.91528,-262.67377,-264.23502,-285.0896,-285.22388,-266.92236,-316.82544,155.926,228.31853,227.63622,255.4289,273.43817,238.20505,309.09625,146.19356,149.08852,106.39559,188.25697,232.07025,158.41864,229.23596,127.00117,96.63601,94.33601,158.07509,220.48909,156.81868,222.70966,1513.8788,1342.1343,1152.057,988.05493,903.42096,881.317,805.751,1515.2708,1255.5741,1149.9279,1051.0367,909.5937,880.9611,811.1635
12,-204.7503,-261.8609,-264.3035,-283.97226,-283.0647,-267.41428,-315.64676,156.63492,229.28311,228.73314,256.52017,274.35995,239.3117,310.1045,149.00131,152.08548,110.068275,193.13272,237.37573,162.94809,235.82352,128.14235,96.512665,94.006,157.94899,220.71738,157.0006,223.19774,1512.4955,1341.0338,1150.8706,987.1988,902.6747,880.2802,805.3021,1513.5822,1254.2196,1148.5226,1049.654,908.3263,879.57556,809.9525
13,-203.49045,-260.9671,-264.2881,-282.83008,-281.00568,-267.53888,-314.26825,157.38573,230.3435,229.91493,257.68433,275.2923,240.49768,311.15063,152.0385,155.2682,113.76176,197.87828,242.54526,167.56155,242.14879,129.51567,96.446945,93.67733,157.83066,220.93073,157.11086,223.67989,1510.7874,1339.6405,1149.402,986.0244,901.65216,878.96075,804.49005,1511.4855,1252.4956,1146.7422,1047.8795,906.6536,877.7993,808.3429
14,-202.1353,-259.99414,-264.2023,-281.6554,-279.0227,-267.30115,-312.67883,158.17879,231.48836,231.19333,258.91644,276.24066,241.76971,312.22903,155.30432,158.62999,117.46869,202.47597,247.5442,172.21802,248.18916,131.10529,96.45852,93.38174,157.73106,221.11183,157.12785,224.12477,1508.7521,1337.9528,1147.6466,984.5193,900.32513,877.3568,803.3085,1508.9718,1250.3868,1144.5736,1045.6974,904.548,875.61444,806.30273
15,-200.68768,-258.9416,-264.0639,-280.42108,-277.0521,-266.74887,-310.87173,159.01141,232.69862,232.57294,260.20697,277.21567,243.12424,313.32806,158.78773,162.15628,121.2067,206.94473,252.37367,176.87788,253.9705,132.88571,96.56762,93.15319,157.65895,221.24057,157.03793,224.49313,1506.406,1335.9849,1145.6185,982.69025,898.68097,875.4798,801.77185,1506.0605,1247.9043,1142.0304,1043.117,902.0086,873.0282,803.8224
16,-199.15161,-257.80692,-263.89172,-279.0889,-275.00995,-265.9536,-308.84213,159.8799,233.95328,234.04771,261.54364,278.23145,244.54974,314.43582,162.46893,165.83109,125.01117,211.32718,257.06018,181.50844,259.54486,134.82736,96.79058,93.02086,157.62064,221.29684,156.83498,224.74406,1503.7808,1333.764,1143.3478,980.56006,896.72455,873.3523,799.9074,1502.796,1245.0837,1139.1514,1040.1726,899.062,870.07245,800.918
17,-197.52881,-256.58563,-263.70023,-277.61942,-272.81345,-264.98816,-306.58533,160.78284,235.23569,235.60077,262.91483,279.30386,246.03133,315.54727,166.3237,169.64348,128.92523,215.67473,261.6423,186.08897,264.96802,136.90195,97.135574,93.00281,157.61989,221.26405,156.51903,224.84273,1500.9167,1331.3253,1140.8751,978.1621,894.4769,871.0036,797.7477,1499.2382,1241.9788,1135.9928,1036.9181,895.75653,866.7987,797.6303
18,-195.81552,-255.27222,-263.4934,-275.9803,-270.39713,-263.90784,-304.09625,161.72421,236.53815,237.20804,264.3134,280.4494,247.55563,316.6703,170.32864,173.5913,132.98955,220.03526,266.15854,190.61292,270.28467,139.08603,97.60019,93.1022,157.65709,221.13223,156.09476,224.76729,1497.8568,1328.7054,1138.2452,975.5352,891.9719,868.4652,795.3258,1495.4518,1238.6511,1132.6184,1033.4172,892.15405,863.27,794.01917
19,-194.00113,-253.86037,-263.26007,-274.15088,-267.72217,-262.74133,-301.37103,162.71516,237.86362,238.84488,265.74023,281.68497,249.11462,317.82843,174.4653,177.68059,137.2337,224.4462,270.63947,195.08696,275.5242,141.36165,98.17169,93.30695,157.7283,220.89981,155.57077,224.51306,1494.6409,1325.9388,1135.5,972.7187,889.24994,865.7667,792.67444,1491.4955,1235.1598,1129.0881,1029.733,888.31915,859.55035,790.1546
20,-192.0691,-252.34273,-262.97195,-272.12338,-264.778,-261.49072,-298.40997,163.77391,239.22414,240.49393,267.20612,283.02792,250.70728,319.06033,178.72163,181.9214,141.67136,228.93346,275.10602,199.5285,280.70605,143.7146,98.829926,93.5929,157.82462,220.57387,154.96,224.09325,1491.3013,1323.054,1132.6715,969.7489,886.3516,862.93304,789.8264,1487.4124,1231.551,1125.4482,1025.918,884.3097,855.6947,786.10596
21,-190.0005,-250.7101,-262.5861,-269.90045,-261.5785,-260.13934,-295.22107,164.92337,240.63692,242.15138,268.73138,284.49588,252.33997,320.41525,183.09114,186.32188,146.30028,233.51508,279.57306,203.96361,285.84998,146.13202,99.5519,93.92974,157.93323,220.16985,154.28107,223.53687,1487.8606,1320.0719,1129.7781,966.65643,883.3116,859.9827,786.8146,1483.2244,1227.852,1121.7253,1022.00543,880.1684,851.7408,781.9314
22,-187.77838,-248.95053,-262.05078,-267.4913,-258.15405,-258.66278,-291.82208,166.18727,242.11992,243.83006,270.34326,286.1055,254.02711,321.94687,187.57071,190.88373,151.10768,238.2074,284.0569,208.42639,290.98605,148.60132,100.31667,94.28823,158.04024,219.71104,153.55974,222.88504,1484.3303,1317.0039,1126.8212,963.46326,880.15314,856.92737,783.66986,1478.9305,1224.0674,1117.923,1018.00604,875.9187,847.7038,777.66925
23,-185.39209,-247.04944,-261.3147,-264.90668,-254.5419,-257.03976,-288.23926,167.58539,243.68806,245.55753,272.0715,287.87064,255.79283,323.70557,192.15886,195.60143,156.0797,243.03137,288.58362,212.95993,296.1605,151.11119,101.1093,94.646965,158.13504,219.22859,152.83017,222.18643,1480.7085,1313.8502,1123.7855,960.17926,876.8851,853.76996,780.41595,1474.5094,1220.1802,1114.0231,1013.9071,871.56354,843.5755,773.33374
24,-182.83945,-244.99089,-260.3363,-262.15448,-250.77534,-255.25967,-284.5027,169.12941,245.35146,247.36975,273.94324,289.80084,257.6728,325.73077,196.85521,200.4661,161.21185,248.01688,293.1956,217.617,301.4357,153.65471,101.92316,94.997154,158.21497,218.7606,152.13464,221.49263,1476.98,1310.598,1120.6406,956.7999,873.50024,850.50366,777.06274,1469.9232,1216.1562,1109.99,1009.6769,867.0877,839.327,768.91473
25,-180.12245,-242.76498,-258.86807,-259.23553,-246.28552,-252.73978,-279.81094,171.29718,247.47087,249.96985,277.175,293.3567,261.32803,329.84207,201.9657,205.8655,167.00699,253.79486,298.61447,223.10104,307.79895,156.11679,103.35836,95.92621,159.38884,219.77902,152.94463,222.43004,1473.2766,1307.607,1117.3112,953.4337,870.3784,846.9296,773.51355,1465.3707,1211.883,1106.013,1005.45184,862.19727,834.811,764.6706
26,-177.258,-240.37366,-257.2342,-256.0911,-241.6211,-250.00346,-274.90585,173.57417,249.72447,252.71205,280.5592,297.111,265.20776,334.18655,207.19868,211.37575,172.89886,259.6226,304.055,228.64487,314.16577,158.71074,104.92101,97.042366,160.73308,220.9989,153.9488,223.57275,1469.3423,1304.3715,1113.7704,949.83685,867.04504,843.14386,769.787,1460.5535,1207.4138,1101.785,1001.03613,857.18463,830.09155,760.2239
27,-174.24312,-237.79727,-255.37064,-252.62094,-236.65092,-246.93224,-269.64197,175.96014,252.1984,255.7364,284.26843,301.2972,269.5982,339.07666,212.59601,217.04948,178.95943,265.60123,309.63226,234.37552,320.67892,161.50845,106.73328,98.49428,162.45995,222.70108,155.41058,225.25934,1465.1002,1300.8274,1109.9589,945.97797,863.496,839.1082,765.8783,1455.4033,1202.6793,1097.2191,996.3729,852.0344,825.1077,755.56287
28,-171.09132,-235.04666,-253.27997,-248.84882,-231.39575,-243.54547,-264.04874,178.45633,254.90715,259.0613,288.3193,305.92627,274.5016,344.51285,218.1334,222.87056,185.18301,271.74402,315.37357,240.30319,327.36475,164.50073,108.81637,100.30766,164.59839,224.91176,157.35645,227.50816,1460.5529,1296.9741,1105.8596,941.8336,859.7007,834.79016,761.7434,1449.9327,1197.6775,1092.3258,991.46295,846.732,819.85693,750.68463
29,-167.8125,-232.137,-250.98242,-244.8294,-225.91547,-239.89801,-258.1966,181.06064,257.82092,262.63113,292.63696,310.8821,279.77158,350.33453,223.75966,228.7921,191.5268,278.00735,321.2372,246.37299,334.16962,167.63583,111.12733,102.4317,167.07681,227.52966,159.6924,230.19038,1455.7089,1292.8186,1101.4725,937.3999,855.6342,830.1782,757.35175,1444.1624,1192.418,1087.1445,986.31976,841.2623,814.35645,745.5871
30,-164.34183,-229.05075,-248.42377,-240.44717,-220.14368,-235.90402,-252.11943,183.81624,260.99777,266.56006,297.25153,316.282,285.6206,356.60742,229.56248,234.8781,198.01259,284.5145,327.3008,252.6442,341.1822,170.89998,113.54154,104.75756,169.93044,230.5206,162.47336,233.4735,1450.2938,1288.157,1096.7877,932.77094,851.2052,825.4659,752.67334,1438.0541,1186.8062,1081.4176,980.717,835.36487,808.3262,740.1561
31,-160.73367,-225.79326,-245.61008,-235.7854,-214.08333,-231.58298,-245.71553,186.65453,264.35297,270.70322,302.1111,321.9828,291.80618,363.23187,235.44269,241.06192,204.63278,291.14035,333.49097,259.05347,348.3144,174.27689,116.15816,107.35684,173.10013,233.88948,165.61998,237.16632,1444.4733,1283.1045,1091.7397,927.7945,846.44574,820.4102,747.6804,1431.5675,1180.8595,1075.3555,974.8193,829.2459,801.99414,734.47485
32,-156.99115,-222.36993,-242.55008,-230.85114,-207.73923,-226.94214,-238.99081,189.5769,267.88596,275.05753,307.21027,327.9713,298.3108,370.189,241.37387,247.32487,211.378,297.8924,339.81912,265.61325,355.58453,177.74176,118.96074,110.21459,176.57161,237.62221,169.12083,241.25363,1438.227,1277.646,1086.3164,922.46826,841.3563,815.00916,742.37396,1424.6847,1174.5569,1068.9407,968.6089,822.88446,795.34674,728.5297
33,-153.11931,-218.78212,-239.24149,-225.64017,-201.10962,-221.97903,-231.94473,192.5805,271.58716,279.61017,312.53427,334.2289,305.1135,377.45813,247.33702,253.64691,218.22058,304.7503,346.26703,272.30063,362.97455,181.27975,121.93995,113.32149,180.33447,241.70749,172.96593,245.72324,1431.5371,1271.7628,1080.4985,916.776,835.9225,809.2457,736.7371,1417.3945,1167.889,1062.1646,962.0772,816.26526,788.3788,722.312
34,-149.12811,-215.03357,-235.68034,-220.14386,-194.18492,-216.68353,-224.56596,195.65558,275.43695,284.33582,318.0583,340.7295,312.18573,385.01074,253.31621,260.0105,225.14098,311.6977,352.82178,279.10028,370.47107,184.87794,125.08525,116.66619,184.37134,246.12329,177.13701,250.55006,1424.3928,1265.4404,1074.2678,910.69965,830.1251,803.09875,730.74835,1409.693,1160.8522,1055.0251,955.2213,809.3806,781.08997,715.81903
35,-145.02612,-211.12967,-231.87032,-214.35849,-186.96265,-211.05515,-216.85095,198.79118,279.41653,289.21277,323.7591,347.45123,319.50272,392.81842,259.29907,266.40344,232.12799,318.72644,359.4743,286.00937,378.06863,188.52394,128.38535,120.23828,188.66647,250.84651,181.61775,255.71083,1416.7997,1258.681,1067.6167,904.2361,823.9609,796.56323,724.4022,1401.591,1153.4545,1047.53,948.0502,802.23315,773.49384,709.05853
36,-140.8192,-207.07443,-227.8139,-208.2808,-179.44089,-205.0976,-208.80081,201.97574,283.51065,294.22516,329.6169,354.37662,327.04733,400.8562,265.28088,272.81927,239.17725,325.8317,366.21613,293.0279,385.76382,192.20874,131.83293,124.03373,193.21184,255.85898,186.39848,261.19196,1408.7727,1251.4985,1060.5471,897.39636,817.44055,789.6492,717.70996,1393.1089,1145.7129,1039.6938,940.58435,794.84045,765.6148,702.049
37,-136.51459,-202.8702,-223.50479,-201.90688,-171.615,-198.8028,-200.40958,205.19905,287.7054,299.35785,335.6163,361.48962,334.80078,409.1057,271.24854,279.24567,246.27899,333.00192,373.0361,300.14777,393.54532,195.91884,135.41788,128.04205,197.99216,261.14136,191.46321,266.9715,1400.3075,1243.8892,1053.0538,890.1782,810.56134,782.35297,710.6699,1384.2477,1137.6272,1031.5182,932.8251,787.2009,757.4537,694.78955
38,-132.1219,-198.52243,-218.94409,-195.23631,-163.48454,-192.16882,-191.67593,208.45203,291.9868,304.59497,341.73932,368.77036,342.74084,417.54404,277.1893,285.6699,253.42137,340.22614,379.925,307.3606,401.40405,199.64352,139.13243,132.2549,202.99457,266.67697,196.79916,273.03107,1391.4077,1235.8558,1045.1394,882.5868,803.3282,774.6788,703.28784,1375.0131,1129.2019,1023.00745,924.77637,779.31665,749.0157,687.2835
39,-127.65119,-194.03755,-214.13394,-188.2713,-155.05118,-185.19553,-182.60162,211.7248,296.34088,309.9215,347.96875,376.19952,350.84595,426.14865,283.0914,292.07953,260.59146,347.49283,386.8732,314.6571,409.3308,203.3735,142.96953,136.6639,208.20602,272.4484,202.39182,279.35086,1382.079,1227.4042,1036.8087,874.62946,795.7494,766.63367,695.57196,1365.4126,1120.4426,1014.16724,916.4432,771.1897,740.30646,679.5344
40,-123.11316,-189.42355,-209.0781,-181.01718,-146.31892,-177.88603,-173.19116,215.00764,300.75595,315.32562,354.29044,383.76007,359.09708,434.89917,288.94324,298.4633,267.7779,354.7926,393.87262,322.02856,417.31732,207.0982,146.92107,141.25977,213.61453,278.44028,208.2271,285.9132,1372.3289,1218.543,1028.0712,866.3179,787.8388,758.22943,687.53534,1355.4546,1111.3561,1005.005,907.8316,762.8234,731.3327,671.5475
41,-118.51893,-184.68828,-203.78043,-173.47995,-137.29443,-170.24602,-163.45244,218.29099,305.22137,320.79663,360.69022,391.43292,367.4735,443.77332,294.73395,304.8102,274.97015,362.11432,400.91235,329.46317,425.35175,210.8094,150.98267,146.03757,219.21188,284.63904,214.29263,292.7024,1362.1637,1209.2797,1018.93494,857.6622,779.6073,749.4768,679.18945,1345.1483,1101.9513,995.5293,898.9487,754.22186,722.1011,663.32715
42,-113.88422,-179.83952,-198.25053,-165.66835,-127.98661,-162.28473,-153.39497,221.56366,309.7268,326.32227,367.15625,399.20505,375.95746,452.75287,300.45673,311.11264,282.16187,369.45044,407.98883,336.95618,433.42938,214.50223,155.14777,150.98946,224.98767,291.0314,220.57582,299.70258,1351.5972,1199.6268,1009.4147,848.67584,771.06885,740.38794,670.54816,1334.5082,1092.2382,985.7511,889.80365,745.3916,712.6211,654.8797
43,-109.2212,-174.8851,-192.49347,-157.5896,-118.409096,-154.012,-143.03165,224.81665,314.2617,331.8908,373.67487,407.0595,384.52805,461.81702,306.1017,317.3595,289.33868,376.78693,415.08926,344.49423,441.53497,218.17151,159.41,156.10739,230.93034,297.60315,227.06369,306.89703,1340.6443,1189.5981,999.5269,839.3763,762.2399,730.981,661.629,1323.5505,1082.229,975.6858,880.40796,736.33936,702.9036,646.2123
44,-104.54205,-169.83435,-186.51547,-149.25174,-108.572495,-145.43747,-132.37279,228.04187,318.8167,337.49158,380.2334,414.9801,393.16583,470.9463,311.65985,323.5399,296.48816,384.11096,422.20255,352.06488,449.65564,221.8117,163.76263,161.38326,237.02823,304.3386,233.74132,314.26688,1329.3232,1179.2098,989.29083,829.7826,753.1394,721.276,652.4521,1312.292,1071.9391,965.3501,870.7749,727.0759,692.96094,637.33295
45,-99.860374,-164.6976,-180.32515,-140.66315,-98.487656,-136.57155,-121.43082,231.22772,323.37982,343.11163,386.81607,422.94818,401.84933,480.1178,317.1217,329.63928,303.59305,391.4042,429.31195,359.65002,457.77417,225.41663,168.19623,166.80452,243.26544,311.2158,240.5881,321.78662,1317.6569,1168.4844,978.7287,819.9157,743.7914,711.2967,643.0416,1300.7528,1061.3899,954.76263,860.92334,717.6201,682.8141,628.2584
46,-95.18941,-159.48602,-173.9328,-131.83519,-88.16696,-127.42633,-110.221664,234.36443,327.94052,348.74094,393.40976,430.94806,410.56235,489.3128,322.47968,335.64532,310.6385,398.6518,436.40308,367.23297,465.87592,228.98013,172.70163,172.35767,249.62721,318.2142,247.58316,329.43307,1305.6705,1157.4486,967.8671,809.80005,734.2255,701.0703,633.42474,1288.9553,1050.6061,943.943,850.8745,707.99115,672.48596,619.0099
47,-90.53928,-154.21115,-167.3491,-122.7829,-77.62665,-118.01845,-98.76112,237.4448,332.48856,354.3708,400.00153,438.96155,419.28723,498.51175,327.7275,341.55035,317.61298,405.8399,443.46167,374.7959,473.94434,232.49481,177.267,178.02414,256.0968,325.31335,254.70587,337.18475,1293.3896,1146.1295,956.7365,799.46436,724.4736,690.6295,623.6342,1276.92,1039.6104,932.9129,840.64935,698.20825,661.9975,609.60754
48,-85.91882,-148.88214,-160.5873,-113.52248,-66.88521,-108.367065,-87.066826,240.46487,337.01678,359.99292,406.58203,446.9764,428.00974,507.7005,332.8608,347.3496,324.5057,412.95416,450.4723,382.32172,481.96143,235.95578,181.88297,183.79071,262.65924,332.49847,261.94012,345.02426,1280.8441,1134.5544,945.36633,788.93567,714.5617,680.00183,613.69714,1264.6709,1028.422,921.69403,830.26483,688.2848,651.3652,600.0663
49,-81.33445,-143.50781,-153.66295,-104.07362,-55.96373,-98.49486,-75.161224,243.4238,341.52094,365.60266,413.14514,454.98434,436.72137,516.8697,337.8781,353.04053,331.309,419.9828,457.42133,389.79495,489.91116,239.35928,186.54074,189.64452,269.30078,339.7547,269.26978,352.93533,1268.066,1122.7542,933.789,778.243,704.51965,669.2176,603.6427,1252.2344,1017.06335,910.308,819.74,678.2371,640.60675,590.4037
50,-76.79319,-138.09668,-146.5906,-94.454865,-44.88304,-88.42537,-63.067375,246.32143,345.99887,371.1973,419.68536,462.9744,445.4109,526.0058,342.779,358.62158,338.0169,426.91684,464.29782,397.2019,497.7801,242.70303,191.23227,195.57419,276.00867,347.06824,276.6802,360.90186,1255.088,1110.7601,922.03876,767.4158,694.3745,658.30804,593.5,1239.6384,1005.5585,898.7804,809.09686,668.08514,629.7437,580.63745
51,-72.30094,-132.6575,-139.38243,-84.68177,-33.660973,-78.177444,-50.805702,249.15433,350.4444,376.77023,426.1931,470.93024,454.06293,535.09094,347.5631,364.09,344.62024,433.74615,471.09048,404.52762,505.55396,245.98682,195.95007,201.56732,282.7693,354.42358,284.15524,368.90726,1241.937,1098.6035,910.1491,756.4856,684.15485,647.30615,583.29834,1226.9081,993.9302,887.13544,798.35767,657.84766,618.79596,570.7865
52,-67.86103,-127.19884,-132.05576,-74.77339,-22.315735,-67.77225,-38.395935,251.92416,354.8558,382.31854,432.6625,478.84018,462.66507,544.1103,352.23212,369.44833,351.11627,440.46725,477.79346,411.76447,513.225,249.20956,200.68663,207.61247,289.57074,361.80988,291.6823,376.93893,1228.6453,1086.3185,898.15564,745.4854,673.88995,636.2449,573.0687,1214.0714,982.202,875.3998,787.54504,647.5432,607.78406,560.8684
53,-63.476257,-121.72897,-124.62903,-64.74876,-10.865372,-57.231064,-25.857635,254.63364,359.23236,387.84045,439.08936,486.69574,471.20667,553.05286,356.78833,374.69952,357.50525,447.07883,484.40158,418.90744,520.78687,252.36905,205.4338,213.6983,296.40137,369.21774,299.25092,384.98557,1215.247,1073.9393,886.093,734.44604,663.60815,625.155,562.83984,1201.1571,970.39996,863.60034,776.6826,637.19073,596.7299,550.9016
54,-59.149143,-116.25656,-117.11989,-54.62745,0.6719208,-46.573944,-13.211487,257.28345,363.57056,393.33087,445.46643,494.4859,479.6743,561.90515,361.2351,379.8462,363.78644,453.57886,490.90906,425.9496,528.23254,255.46393,210.18298,219.81201,303.24805,376.6353,306.84958,393.0343,1201.7747,1061.4998,873.99475,723.39795,653.33673,614.0668,552.63947,1188.1938,958.54987,851.76324,765.79443,626.81085,585.6565,540.907
55,-54.883045,-110.79166,-109.545944,-44.430573,12.27478,-35.823593,-0.48239136,259.8719,367.86493,398.78262,451.78253,502.1942,488.052,570.6481,365.5763,384.89075,369.95837,459.96582,497.31177,432.88464,535.55725,258.4949,214.92612,225.94025,310.09784,384.05017,314.46478,401.07227,1188.2566,1049.0297,861.8913,712.369,643.1015,603.00977,542.4965,1175.2068,946.6776,839.9136,754.9044,616.4273,574.58813,530.9058
56,-50.67715,-105.34165,-101.9241,-34.176476,23.924423,-25.000633,12.30864,262.4016,372.11322,404.19205,458.0299,509.80856,496.3285,579.2677,369.81403,389.83484,376.01935,466.2395,503.60538,439.70764,542.7572,261.4615,219.65668,232.07191,316.94,391.45145,322.08472,409.08905,1174.719,1036.5562,849.8106,701.3849,632.927,592.01025,532.43634,1162.219,934.8065,828.07227,744.0331,606.059,563.5456,520.91797
57,-46.532055,-99.91546,-94.269424,-23.881012,35.602554,-14.121521,25.142227,264.87262,376.31183,409.5551,464.20135,517.3168,504.49408,587.7521,373.9442,394.6733,381.96222,472.39856,509.78558,446.41626,549.8312,264.36115,224.36871,238.19522,323.76544,398.82928,329.69928,417.07867,1161.1727,1024.0947,837.76904,690.46387,622.8315,581.08496,522.47656,1149.2408,922.949,816.24866,733.19116,595.7132,552.54047,510.9564
58,-42.44778,-94.52055,-86.59726,-13.560074,47.29167,-3.2021332,37.99936,267.2857,380.4568,414.86673,470.289,524.7074,512.5378,596.0885,377.96848,399.40778,387.78784,478.44623,515.85254,453.01178,556.7815,267.19193,229.05356,244.29686,330.5615,406.17236,337.29773,425.03156,1147.6378,1011.66785,825.7879,679.62787,612.83655,570.2558,512.6394,1136.2899,911.123,804.45905,722.397,585.40686,541.5917,501.0405
59,-38.42398,-89.16433,-78.92208,-3.2287903,58.9758,7.741501,50.862717,269.6408,384.545,420.1228,476.2859,531.96954,520.4508,604.2653,381.88586,404.0373,393.49445,484.384,521.8054,459.49408,563.6096,269.9522,233.70407,250.36507,337.3172,413.47006,344.86768,432.93866,1134.1299,999.2926,813.88556,668.8952,602.9602,559.54114,502.9434,1123.3779,899.3425,792.7163,711.665,575.15466,530.71375,491.18652
60,-34.459892,-83.85251,-71.25659,7.0973663,70.63922,18.693283,63.714493,271.9392,388.5735,425.31805,482.18445,539.0925,528.22266,612.27014,385.69595,408.56177,399.08228,490.21176,527.64197,465.8614,570.3142,272.6388,238.31094,256.3872,344.01935,420.70996,352.39575,440.78748,1120.6696,986.9905,802.08307,658.2864,593.22174,548.96216,493.40955,1110.5217,887.62476,781.0373,701.0131,564.9757,519.92444,481.4128
61,-30.554718,-78.59125,-63.611755,17.404312,82.26796,29.638641,76.53812,274.18008,392.53613,430.44348,487.9724,546.0609,535.8386,620.0853,389.399,412.981,404.5506,495.92795,533.35913,472.11,576.8921,275.24957,242.86545,262.3503,350.65463,427.87894,359.86823,448.56592,1107.2781,974.78485,790.40515,647.825,583.6444,538.5442,484.06226,1097.7383,875.98895,769.4402,690.4613,554.8916,509.243,471.7405
62,-26.708405,-73.38597,-55.99878,27.6781,93.84769,40.56334,89.31726,276.3629,396.42728,435.49115,493.6391,552.8612,543.2864,627.69556,392.9959,417.29584,409.90076,501.53137,538.953,478.2359,583.3385,277.78238,247.35774,268.2412,357.20892,434.96402,367.27197,456.26135,1093.979,962.70056,778.87714,637.53687,574.25336,528.31494,474.9286,1085.0466,864.4545,757.9445,680.0305,544.92456,498.68964,462.1909
63,-22.92109,-68.240906,-48.42769,37.905273,105.36391,51.452072,102.035095,278.48672,400.24048,440.45197,499.1731,559.4794,550.5538,635.0852,396.48822,421.50806,415.13324,507.0202,544.4188,484.23346,589.6469,280.234,251.77655,274.04623,363.66736,441.9516,374.59326,463.8604,1080.7913,950.75745,767.5203,627.4417,565.06616,518.29626,466.02878,1072.4622,853.0366,746.5664,669.73694,535.09424,488.2808,452.77948
64,-19.194077,-63.16143,-40.91018,48.06804,116.79578,62.285446,114.66858,280.5476,403.96658,445.31287,504.55896,565.895,557.6216,642.2313,399.87573,425.6172,420.24554,512.389,549.74744,490.09436,595.80566,282.60065,256.11047,279.751,370.01352,448.82452,381.81534,471.3461,1067.7332,938.97534,756.35486,617.5581,556.09814,508.5088,457.38126,1060.0028,841.7529,735.32336,659.59924,525.4219,478.0361,443.52588
65,-15.526161,-58.15245,-33.458084,58.14821,128.12198,73.04445,127.19412,282.5431,407.59772,450.06238,509.78186,572.08777,564.4702,649.1112,403.15344,429.6178,425.2307,517.62854,554.92725,495.8081,601.80164,284.87656,260.3483,285.3406,376.2304,455.56287,388.91803,478.69873,1054.8243,927.37524,745.40247,607.90857,547.36847,498.97565,449.00766,1047.6873,830.6234,724.2347,649.63806,515.93066,467.9782,434.453
66,-11.916267,-53.22097,-26.084442,68.11981,139.31638,83.704865,139.58655,284.46973,411.12888,454.68896,514.82776,578.03735,571.07764,655.7013,406.31586,433.5047,430.08182,522.7257,559.9458,501.36115,607.61835,287.05817,264.4765,290.79877,382.2981,462.14496,395.87537,485.8935,1042.0798,915.97095,734.6814,598.5131,538.88916,489.718,440.92654,1035.5256,819.661,713.3297,639.8738,506.6472,458.13254,425.58594
67,-8.364601,-48.37348,-18.798157,77.95561,150.35495,94.241486,151.82343,286.32495,414.55542,459.17914,519.68286,583.72485,577.41956,661.97864,409.36078,437.2751,434.79288,527.6651,564.7938,506.73822,613.23804,289.14325,268.47803,296.10645,388.1936,468.5492,402.66205,492.9038,1029.522,904.7803,724.21545,589.39496,530.6697,480.75897,433.1538,1023.53076,808.8799,702.6515,630.331,497.60297,448.52835,416.95255
68,-4.871666,-43.61399,-11.613556,87.636856,161.21674,104.631165,163.88016,288.11002,417.86972,463.52148,524.33545,589.1361,583.4812,667.9282,412.28986,440.92822,439.3604,532.4378,569.45996,511.92737,618.64655,291.12994,272.3405,301.24664,393.8979,474.75568,409.25696,499.70828,1017.171,893.8204,714.0205,580.5634,522.7201,472.1105,425.69626,1011.72,798.2994,692.21606,621.02527,488.814,439.18338,408.5675
69,-1.4352493,-38.942833,-4.5367126,97.158936,171.89902,114.868256,175.75452,289.83154,421.07297,467.71472,528.78656,594.27295,589.2655,673.553,415.1125,444.47546,443.79657,537.0521,573.95056,516.9349,623.85034,293.02298,276.06018,306.21185,399.4031,480.75403,415.64746,506.2963,1005.0309,883.0873,704.08997,572.005,515.0281,463.75778,418.53687,1000.0967,787.92285,682.02185,611.95105,480.27362,430.09332,400.42383
70,1.9481888,-34.3584,2.4269257,106.5141,182.3917,124.94232,187.43588,291.49347,424.16223,471.75244,533.03076,599.12933,594.76624,678.8472,417.83267,447.92026,448.1053,541.5078,578.26306,521.76044,628.8458,294.82452,279.63275,310.9941,404.69885,486.53046,421.81714,512.65234,993.1105,872.58514,694.4251,563.7158,507.5896,455.69537,411.6671,988.66797,777.75793,672.07214,603.1098,471.98154,421.2599,392.52048
71,5.199692,-29.89183,9.368851,115.782776,192.67474,134.8678,198.79004,293.07513,427.00235,475.55176,537.08093,603.57983,599.80273,683.5909,420.31604,451.16833,452.3057,545.69336,582.2804,526.4093,633.5253,296.55313,283.09674,315.57617,409.70328,492.1145,427.80652,518.8429,981.44006,862.4241,685.1216,555.6579,500.47025,447.97095,405.1378,977.521,767.8716,662.28015,594.4142,463.78165,412.6484,384.94946
72,8.2521515,-25.561905,16.391022,125.06113,202.75705,144.68356,209.73648,294.5548,429.4702,479.03436,540.9468,607.5095,604.20776,687.5818,422.45276,454.14502,456.41812,549.5127,585.89874,530.8866,637.79395,298.23352,286.4834,319.94675,414.34384,497.5365,433.65527,524.9248,970.05176,852.69904,676.26434,547.80396,493.7209,440.62958,399.00085,966.7355,758.31586,652.5753,585.78644,455.54858,404.22354,377.7823
73,11.2313385,-21.307693,23.379974,134.24722,212.6882,154.39227,220.51239,295.9566,431.7473,482.28995,544.5742,611.0609,608.1998,691.0984,424.44925,456.99396,460.4067,553.1161,589.2649,535.16064,641.78296,299.8357,289.70685,324.10544,418.71008,502.7154,439.2586,530.7494,958.9466,843.2723,667.73883,540.24756,487.25137,433.62375,393.20306,956.22424,749.0195,643.1305,577.38794,447.56625,396.06277,370.89322
74,14.181114,-17.099838,30.308762,143.32336,222.49753,164.01038,231.20438,297.29907,433.89594,485.35086,547.9459,614.27454,611.8424,694.2235,426.37415,459.7638,464.26898,556.5521,592.4271,539.2262,645.53235,301.34897,292.74445,328.05554,422.8389,507.6408,444.60016,536.2915,948.1355,834.10767,659.5148,533.0247,481.0477,426.94617,387.7351,945.96716,739.9654,633.9966,569.2693,439.9199,388.1933,364.2455
75,17.115097,-12.932404,37.156998,152.27136,232.18146,173.5267,241.82239,298.59778,435.94128,488.23233,551.0631,617.17175,615.1637,696.9941,428.2619,462.4854,468.02408,559.85785,595.426,543.10596,649.0805,302.77728,295.59897,331.80423,426.7494,512.31494,449.67996,541.54944,937.625,825.1954,651.5814,526.1422,475.1072,420.59015,382.5879,935.9585,731.1455,625.1798,561.43744,432.62042,380.6171,357.8236
76,20.037537,-8.8050995,43.90648,161.07028,241.72205,182.91693,252.34412,299.85907,437.89365,490.94516,553.93787,619.77637,618.19116,699.44525,430.13855,465.18298,471.69434,563.0605,598.2938,546.82635,652.45935,304.1328,298.28247,335.3598,430.45294,516.7403,454.49988,546.5248,927.4177,816.5353,643.93384,519.5918,469.42328,414.5434,377.7452,926.1983,722.5578,616.6739,553.8891,425.66052,373.33353,351.62592
77,22.954414,-4.7129364,50.551376,169.7139,251.11227,192.16772,262.75623,301.0913,439.766,493.50763,556.595,622.1199,620.95966,701.6175,432.02533,467.8769,475.30353,566.1856,601.063,550.4194,655.7041,305.43195,300.81058,338.73245,433.9626,520.93,459.07138,551.2333,917.5032,808.118,636.5596,513.3539,463.9824,408.7851,373.18265,916.6781,714.1925,608.4608,546.6084,419.01663,366.32883,345.64343
78,25.867233,-0.6532593,57.08676,178.19772,260.34607,201.26718,273.0436,302.3009,441.57166,495.94095,559.06213,624.23254,623.50256,703.54724,433.9306,470.5736,478.8671,569.2508,603.761,553.9151,658.8474,306.68793,303.1974,341.92896,437.28598,524.8945,463.40146,555.6882,907.87537,799.9387,629.4492,507.4095,458.7757,403.29816,368.87973,907.39465,706.0477,600.52893,539.58435,412.66785,359.59232,339.8712
79,28.778564,3.378128,63.517563,186.52734,269.42834,210.21545,283.20114,303.4956,443.32068,498.26108,561.36255,626.1398,625.8452,705.2626,435.8581,473.279,482.40012,572.27405,606.41223,557.33966,661.9175,307.91043,305.4566,344.95938,440.4333,528.6458,467.50067,559.9048,898.5182,791.984,622.5863,501.72955,453.7831,398.0552,364.8054,898.3372,698.1138,592.85706,532.79443,406.58075,353.10165,334.29178
80,31.689651,7.383362,69.84842,194.70972,278.3651,219.01431,293.22678,304.68182,445.0222,500.48428,563.5189,627.8673,628.0148,706.79016,437.8097,475.99695,485.91446,575.27106,609.03625,560.714,664.9386,309.1099,307.6014,347.83362,443.41605,532.19946,471.38275,563.9023,889.4177,784.24194,615.955,496.28748,448.9868,393.0313,360.9318,889.49817,690.38324,585.42676,526.2202,400.72723,346.83694,328.89154
81,34.599625,11.363251,76.08124,202.7479,287.15674,227.66287,303.11453,305.86288,446.68307,502.62372,565.5486,629.43634,630.0326,708.152,439.78302,478.72595,489.41418,578.2496,611.64343,564.0501,667.9235,310.29123,309.64044,350.55817,446.2415,535.5647,475.05734,567.6924,880.56726,776.70715,609.54626,491.0677,444.37808,388.2124,357.2429,880.8769,682.8565,578.23035,519.8553,395.0923,340.7903,323.66757
82,37.50334,15.312241,82.212036,210.63474,295.79282,236.1521,312.84814,307.0354,448.30237,504.6813,567.45654,630.8552,631.9059,709.3567,441.7683,481.45557,492.89273,581.20605,614.2329,567.3475,670.8717,311.4525,311.57556,353.13342,448.90982,538.7427,478.52686,571.2771,871.9673,769.38354,603.3588,486.06625,439.9566,383.59528,353.73343,872.47986,675.53973,571.2696,513.70294,389.67355,334.9642,318.62665
83,40.398438,19.226578,88.23309,218.36017,304.26288,244.47049,322.41315,308.19824,449.8828,506.66208,569.25024,632.1376,633.6472,710.4198,443.76038,484.18,496.34528,584.14087,616.8086,570.60846,673.7892,312.59436,313.41022,355.5626,451.42554,541.73785,481.79742,574.66187,863.6177,762.27136,597.38855,481.2753,435.71692,379.17194,350.39514,864.3098,668.4353,564.5447,507.76468,384.4696,329.35782,313.77002
84,43.281555,23.10254,94.13385,225.91397,312.5577,252.60684,331.79913,309.3523,451.43085,508.57422,570.9413,633.301,635.2737,711.3612,445.75507,486.89685,499.76773,587.05414,619.374,573.83704,676.68274,313.71802,315.14938,357.85077,453.79593,544.5574,484.87753,577.8541,855.5166,755.36633,591.6306,476.68896,431.6552,374.93582,347.22467,856.3644,661.53986,558.0548,502.03864,379.4783,323.96945,309.0988
85,46.144684,26.929535,99.90564,233.28165,320.6577,260.5448,340.97864,310.4926,452.9395,510.4137,572.5316,634.351,636.7871,712.1848,447.7343,489.58832,503.1482,589.93585,621.9209,577.0267,679.54456,314.81705,316.79193,359.9956,456.01764,547.20087,487.76947,580.8557,847.671,748.6796,586.0906,472.308,427.7763,370.88983,344.22308,848.65466,654.8615,551.8015,496.52872,374.69983,318.8036,304.62415
86,48.98195,30.698807,105.54016,240.4498,328.54526,268.26962,349.9282,311.61578,454.4063,512.18005,574.0244,635.29614,638.19507,712.9005,449.68295,492.23853,506.4735,592.7757,624.4402,580.1684,682.3662,315.88712,318.3363,361.99603,458.0895,549.6686,490.4759,583.6698,840.0849,742.2151,580.76624,468.1244,424.07455,367.02774,341.38165,841.188,648.4061,545.7831,491.23578,370.13303,313.8587,300.34744
87,51.788452,34.40277,111.026184,247.40506,336.20343,275.7668,358.6286,312.71692,455.827,513.87024,575.41943,636.1428,639.5024,713.51636,451.5919,494.83734,509.73346,595.5655,626.9223,583.25214,685.1383,316.92328,319.7798,363.85175,460.0102,551.95886,492.99805,586.29596,832.76434,735.97833,575.6575,464.1362,420.54742,363.34668,338.6958,833.97375,642.1825,540.00354,486.167,365.7845,309.14008,296.27676
88,54.557526,38.030945,116.349,254.12723,343.60687,283.01547,367.05072,313.79053,457.19724,515.48145,576.7178,636.8963,640.7115,714.0375,453.44778,497.37054,512.9142,598.2909,629.35297,586.2634,687.8447,317.919,321.11914,365.56122,461.77563,554.0682,495.335,588.73,825.7175,729.9766,570.7665,460.3425,417.19357,359.84616,336.16266,827.0217,636.19763,534.4667,481.3288,361.66122,304.65198,292.41977
89,57.281906,41.57161,121.49301,260.59418,350.73047,289.9928,375.16632,314.83157,458.51456,517.0128,577.92035,637.56067,641.8247,714.4691,455.2378,499.82452,516.0006,600.93945,631.7213,589.1895,690.473,318.86615,322.35095,367.12317,463.3842,555.9944,497.48795,590.96936,818.9563,724.22034,566.0991,456.74625,414.01556,356.52963,333.78354,820.3447,630.4612,529.1798,476.72916,357.77066,300.40118,288.78418
90,59.954605,45.013916,126.44241,266.78418,357.55115,296.67865,382.94983,315.83618,459.77692,518.4624,579.02625,638.14087,642.8452,714.818,456.9522,502.18634,518.9772,603.49866,634.01514,592.01697,693.00995,319.75775,323.47055,368.53394,464.83347,557.7349,499.4556,593.0119,812.4926,718.719,561.6593,453.35016,411.01587,353.3987,331.55792,813.9562,624.98364,524.1517,472.37753,354.12097,296.39532,285.3772
91,62.569305,48.348373,131.1838,272.67804,364.048,303.0546,390.37646,316.80157,460.98196,519.8285,580.03564,638.64087,643.7755,715.08936,458.5818,504.4442,521.8306,605.9568,636.22375,594.7332,695.4434,320.58774,324.47406,369.79022,466.1208,559.28735,501.2368,594.8546,806.3386,713.4838,557.453,450.15775,408.19846,350.45715,329.48712,807.86957,619.7765,519.3918,468.28445,350.72107,292.6432,282.2071
92,65.12213,51.5688,135.70657,278.26187,370.205,309.105,397.42773,317.72717,462.13074,521.11316,580.95374,639.06934,644.6218,715.2938,460.12003,506.59186,524.5531,608.3086,638.3425,597.33215,697.7682,321.35034,325.35944,370.89227,467.24652,560.6539,502.83484,596.49927,800.5038,708.5221,553.4828,447.16727,405.56113,347.70312,327.5674,802.0954,614.8461,514.9043,464.45322,347.57263,289.1471,279.27563
93,67.610535,54.670746,140.00232,283.52457,376.00894,314.81653,404.08728,318.61325,463.22375,522.3183,581.7854,639.4332,645.38983,715.4398,461.56064,508.6225,527.1373,610.54785,640.36523,599.80676,699.97766,322.03986,326.1242,371.83997,468.2097,561.8352,504.2517,597.9466,794.99457,703.8395,549.74884,444.3747,403.0994,345.13235,325.79187,796.6409,610.1964,510.68945,460.88446,344.67462,285.90533,276.58167
94,70.025635,57.648315,144.07373,288.4669,381.45242,320.18582,410.33826,319.45865,464.25388,523.442,582.5376,639.73254,646.0753,715.52246,462.88992,510.52435,529.57965,612.66174,642.2793,602.1523,702.0592,322.65567,326.77173,372.6339,469.00757,562.83954,505.4959,599.20776,789.8145,699.4435,546.25586,441.7738,400.8152,342.74527,324.1604,791.5147,605.8328,506.741,457.57092,342.01367,282.91357,274.1278
95,72.360825,60.49585,147.91846,293.08585,386.52994,325.20987,416.17322,320.26154,465.21854,524.48395,583.2134,639.9704,646.68,715.54346,464.10162,512.29224,531.87695,614.64484,644.07825,604.3654,704.00665,323.19702,327.30383,373.27692,469.64252,563.6739,506.57428,600.2905,784.9647,695.33417,543.00146,439.3606,398.7061,340.53958,322.6704,786.7201,601.75543,503.05652,454.509,339.58496,280.16827,271.91193
96,74.61276,63.2101,151.5347,297.3791,391.23898,329.88672,421.58972,321.02106,466.11853,525.44556,583.8153,640.1504,647.20776,715.50757,465.1922,513.9216,534.0249,616.4927,645.7572,606.4406,705.81476,323.66226,327.7202,373.77002,470.11636,564.3418,507.4899,601.19824,780.44617,691.51056,539.9818,437.13028,396.7669,338.5106,321.31702,782.25854,597.96423,499.63632,451.69724,337.3869,277.66742,269.92944
97,76.780975,65.79065,154.92401,301.3497,395.58408,334.21912,426.59314,321.73853,466.95923,526.3346,584.3517,640.2815,647.6681,715.4255,466.16156,515.4136,536.0239,618.2084,647.32007,608.3809,707.4885,324.05038,328.0234,374.1192,470.43707,564.8542,508.25293,601.94226,776.25696,687.96954,537.19324,435.07895,394.99338,336.6543,320.09628,778.1268,594.45416,496.47662,449.12952,335.41333,275.40375,268.17102
98,78.86212,68.23503,158.08676,305.0002,399.56827,338.21097,431.18726,322.41333,467.7427,527.1549,584.8269,640.36865,648.0674,715.30347,467.01047,516.768,537.8732,619.7919,648.7667,610.18634,709.02844,324.36182,328.21558,374.32837,470.61035,565.21936,508.87103,602.53186,772.3969,684.7105,534.63403,433.206,393.38535,334.97,319.00812,774.32477,591.2237,493.57532,446.8036,333.6618,273.3744,266.63184
99,80.85513,70.54367,161.02722,308.338,403.20047,341.871,435.38147,323.04688,468.4732,527.91284,585.24805,640.4192,648.41406,715.1505,467.74133,517.9875,539.57623,621.2478,650.10254,611.8625,710.4408,324.5982,328.3009,374.40326,470.64398,565.44824,509.3542,602.9789,768.8598,681.7276,532.29834,431.5068,391.93878,333.45294,318.04874,770.8464,588.265,490.92505,444.71124,332.12396,271.57098,265.3025
100,82.75987,72.71797,163.75067,311.3722,406.491,345.20938,439.18768,323.6413,469.15594,528.6162,585.6229,640.44055,648.71783,714.97534,468.3576,519.0761,541.1372,622.5817,651.3328,613.41547,711.7321,324.76166,328.2843,374.35034,470.54675,565.55273,509.71347,603.29626,765.638,679.01465,530.1804,429.97867,390.65146,332.10046,317.21692,767.68396,585.5697,488.5185,442.8448,330.79126,269.98566,264.174
