,0,1,2,3,4,5,6,7,8,9,10,11,12,13,14,15,16,17,18,19,20,21,22,23,24,25,26,27,28,29,30,31,32
0,-8.639971,-6.014882,-18.047974,-14.6575775,89.47862,-4.8722277,-1.7636833,-120.60031,124.70677,-58.756104,53.34747,23.815414,16.292448,152.53223,214.07137,-33.584457,30.215622,32.97618,193.80128,194.17139,39.323147,43.532486,1551.1796,1227.1302,1488.0328,1320.8271,1347.2848,1186.3164,1079.6545,1044.774,1047.6359,1082.8322,1088.8735
1,-8.577448,-5.972439,-18.276314,-14.745197,89.77404,-4.8721266,-1.6459503,-120.60436,124.81779,-58.624096,53.53868,24.457253,16.114737,153.00035,214.09175,-33.355934,30.006504,32.624607,193.41847,193.72786,38.97724,42.93923,1551.3905,1227.2756,1487.7704,1320.5238,1347.483,1186.4187,1079.7698,1044.6602,1047.604,1082.9429,1089.0985
2,-8.501276,-5.930311,-18.484596,-14.84145,90.08378,-4.868103,-1.5245285,-120.61401,124.91933,-58.493065,53.71174,25.16381,15.899969,153.49658,214.1056,-33.117447,29.754963,32.22438,192.98499,193.23819,38.583595,42.366158,1551.6312,1227.4462,1487.4954,1320.1906,1347.7081,1186.5388,1079.8928,1044.546,1047.5729,1083.0608,1089.2991
3,-8.396788,-5.8827467,-18.657322,-14.952616,90.427864,-4.8513765,-1.3940659,-120.63269,125.00398,-58.36121,53.857555,26.022316,15.612946,154.06693,214.11101,-32.845,29.417316,31.71814,192.43704,192.64914,38.083183,41.799347,1551.9309,1227.6742,1487.1896,1319.7911,1347.9985,1186.7019,1080.034,1044.4313,1047.5438,1083.1967,1089.4639
4,-8.253748,-5.8215084,-18.787373,-15.081549,90.82423,-4.8129606,-1.2497158,-120.65991,125.06953,-58.22587,53.979664,27.102654,15.2283125,154.75067,214.10802,-32.517876,28.960903,31.06242,191.72435,191.92271,37.428596,41.19706,1552.3115,1227.9852,1486.8401,1319.2986,1348.3904,1186.9288,1080.2014,1044.3171,1047.5189,1083.3579,1089.5967
5,-8.066748,-5.7366743,-18.876713,-15.227619,91.28791,-4.7448606,-1.0877743,-120.69138,125.118385,-58.083794,54.09277,28.45214,14.733925,155.57838,214.09872,-32.1195,28.36731,30.231243,190.81401,191.03888,36.587746,40.495712,1552.7863,1228.396,1486.4397,1318.6976,1348.9144,1187.2347,1080.3993,1044.2059,1047.5005,1083.5483,1089.7155
6,-7.833994,-5.618472,-18.934086,-15.387867,91.83075,-4.641448,-0.90634537,-120.72082,125.15487,-57.931683,54.21659,30.096405,14.131857,156.57262,214.08678,-31.636446,27.632679,29.215176,189.68977,189.99301,35.54391,39.62657,1553.3594,1228.9148,1485.9863,1317.9834,1349.594,1187.6288,1080.6299,1044.1016,1047.4904,1083.7687,1089.8466
7,-7.5551624,-5.4595613,-18.970936,-15.558914,92.46152,-4.500469,-0.70586777,-120.74283,125.18138,-57.766846,54.367897,32.04509,13.436858,157.75052,214.07712,-31.05641,26.76545,28.016994,188.34816,188.78983,34.292744,38.53571,1554.0272,1229.5433,1485.48,1317.1575,1350.4431,1188.1157,1080.8938,1044.0084,1047.4889,1084.0188,1090.0155
8,-7.229372,-5.2569246,-18.996925,-15.738834,93.18608,-4.3231106,-0.4892788,-120.75595,125.19539,-57.587784,54.554173,34.299706,12.672612,159.12671,214.07602,-30.366076,25.78242,26.64576,186.79309,187.43675,32.83768,37.198795,1554.7803,1230.2798,1484.9208,1316.2241,1351.4662,1188.6969,1081.1932,1043.93,1047.4945,1084.2991,1090.24
9,-6.854048,-5.012582,-19.016685,-15.928143,94.00764,-4.112815,-0.26169014,-120.764305,125.18854,-57.394566,54.771523,36.86125,11.8666115,160.71547,214.09152,-29.549807,24.70417,25.1111,185.03079,185.93869,31.185081,35.624634,1555.605,1231.1223,1484.3068,1315.187,1352.658,1189.3726,1081.5314,1043.868,1047.5038,1084.613,1090.5262
10,-6.4250393,-4.732662,-19.028801,-16.129314,94.92695,-3.873002,-0.029466629,-120.77728,125.14851,-57.188774,55.007366,39.73577,11.0448265,162.53188,214.13391,-28.589247,23.550848,23.419048,183.0658,184.29541,29.340286,33.84666,1556.4857,1232.0706,1483.6335,1314.0468,1354.007,1190.1437,1081.9144,1043.8215,1047.5126,1084.9674,1090.8699
11,-5.9378834,-4.4249067,-19.027126,-16.344948,95.9427,-3.6043634,0.20117378,-120.80689,125.062744,-56.972996,55.246494,42.936844,10.227411,164.59201,214.21556,-27.46366,22.338978,21.569878,180.89851,182.50143,27.305374,31.906075,1557.4048,1233.128,1482.894,1312.7997,1355.4987,1191.0128,1082.35,1043.7878,1047.5168,1085.3727,1091.261
12,-5.3896275,-4.095234,-19.003769,-16.57521,97.05162,-3.3026981,0.4258442,-120.86376,124.92281,-56.74976,55.4777,46.485382,9.426469,166.91278,214.35008,-26.150496,21.079865,19.558067,178.52385,180.54782,25.078789,29.83408,1558.3431,1234.3016,1482.078,1311.4387,1357.1196,1191.9852,1082.8463,1043.763,1047.5142,1085.8414,1091.6902
13,-4.780466,-3.7443876,-18.952564,-16.815765,98.24839,-2.9582825,0.6434994,-120.95322,124.72774,-56.520065,55.697968,50.40738,8.646448,169.51147,214.55087,-24.625914,19.779728,17.373898,175.9312,178.42429,22.656693,27.640556,1559.2802,1235.6008,1481.173,1309.9532,1358.8612,1193.0682,1083.4108,1043.7423,1047.5038,1086.3867,1092.153
14,-4.114504,-3.365837,-18.871803,-17.057236,99.525375,-2.5573292,0.85733795,-121.072914,124.485214,-56.28205,55.912437,54.730865,7.887128,172.40517,214.8296,-22.86503,18.441576,15.006363,173.1059,176.12152,20.035591,25.313667,1560.1931,1237.0353,1480.1624,1308.3301,1360.7203,1194.2703,1084.0488,1043.7216,1047.4862,1087.0199,1092.6516
15,-3.399269,-2.9458628,-18.765388,-17.28683,100.872574,-2.0854397,1.0746956,-121.21285,124.21038,-56.030327,56.13046,59.48268,7.1484385,175.60976,215.19556,-20.842058,17.068398,12.446781,170.03209,173.63269,17.215492,22.829868,1561.0573,1238.6119,1479.0255,1306.554,1362.6981,1195.599,1084.7643,1043.6959,1047.4603,1087.7489,1093.1941
16,-2.644062,-2.4661922,-18.64201,-17.491653,102.278336,-1.5321903,1.3057537,-121.35765,123.92281,-55.756638,56.35997,64.68565,6.4358006,179.13838,215.65564,-18.530653,15.66696,9.692627,166.69727,170.95471,14.203172,20.169315,1561.8445,1240.3312,1477.7372,1304.6086,1364.796,1197.0587,1085.5594,1043.6594,1047.4213,1088.5773,1093.7906
17,-1.8575478,-1.9087667,-18.512653,-17.662823,103.731224,-0.8954201,1.5613327,-121.48997,123.64264,-55.451904,56.6033,70.3559,5.7643137,182.99939,216.21564,-15.904581,14.251171,6.7509193,163.09715,168.08904,11.014909,17.32943,1562.5237,1242.184,1476.2681,1302.4773,1367.0098,1198.6475,1086.4375,1043.6029,1047.357,1089.5046,1094.4514
18,-1.0453377,-1.2613678,-18.387047,-17.798775,105.22272,-0.1837368,1.850338,-121.59393,123.38708,-55.10907,56.85652,76.5005,5.1603823,187.19437,216.88159,-12.938707,12.843913,3.6403275,159.24002,165.04266,7.6784086,14.331047,1563.0596,1244.1499,1474.586,1300.1436,1369.3228,1200.3539,1087.4032,1043.5132,1047.2463,1090.527,1095.1848
19,-0.20825195,-0.5222416,-18.270294,-17.906483,106.750114,0.5838795,2.1777172,-121.657455,123.16788,-54.725735,57.11269,83.11557,4.660063,191.71664,217.66118,-9.609961,11.476606,0.39125633,155.14844,161.8287,4.233203,11.215321,1563.413,1246.1974,1472.6592,1297.5938,1371.7006,1202.1566,1088.4633,1043.3717,1047.0596,1091.6389,1095.9983
20,0.6580734,0.29807568,-18.160938,-17.999966,108.318344,1.3815498,2.5436325,-121.67331,122.99009,-54.30544,57.367115,90.185715,4.3044977,196.55107,218.56416,-5.897869,10.1863985,-2.9564056,150.85797,158.46635,0.72881985,8.033867,1563.5411,1248.2853,1470.4574,1294.8159,1374.0896,1204.0242,1089.6256,1043.155,1046.7609,1092.8341,1096.8983
21,1.5619354,1.1786852,-18.051292,-18.096642,109.93994,2.1821918,2.9442425,-121.63925,122.852,-53.856873,57.62188,97.68551,4.1337166,201.6754,219.60161,-1.784626,9.011553,-6.3576584,146.41261,154.97903,-2.7799025,4.8371468,1563.3994,1250.3672,1467.9547,1291.8013,1376.4181,1205.9175,1090.8964,1042.8362,1046.3138,1094.1069,1097.8915
22,2.5128498,2.0935888,-17.930302,-18.212963,111.63261,2.9637146,3.3738136,-121.55753,122.74617,-53.39114,57.887234,105.58296,4.1805925,207.06308,220.78394,2.7448997,7.9860907,-9.767929,141.85812,151.3911,-6.2402096,1.6658878,1562.9424,1252.3965,1465.13,1288.5417,1378.6027,1207.7944,1092.2767,1042.3887,1045.6887,1095.451,1098.9817
23,3.5179787,3.018323,-17.788223,-18.360985,113.414856,3.7136898,3.8273678,-121.434105,122.661415,-52.91797,58.179264,113.84409,4.4665728,212.68703,222.11812,7.702483,7.1348753,-13.148479,137.23517,147.72351,-9.610242,-1.4519806,1562.1257,1254.33,1461.9657,1285.0284,1380.5568,1209.6149,1093.7605,1041.7909,1044.8674,1096.8597,1100.1676
24,4.5786476,3.9354753,-17.62172,-18.547096,115.30078,4.431017,4.30274,-121.27724,122.5855,-52.442204,58.514988,122.43693,5.0001335,218.52309,223.6049,13.094662,6.470192,-16.470455,132.57399,143.99039,-12.866786,-4.499531,1560.9076,1256.1318,1458.4459,1281.2493,1382.2006,1211.3445,1095.3322,1041.0299,1043.848,1098.3242,1101.4395
25,4.967783,5.6027403,-17.884521,-14.75692,117.12836,2.9308605,6.8007584,-121.60907,123.95472,-52.604797,54.809917,133.56126,4.0420437,224.76843,224.47336,19.941887,6.4405165,-19.784721,126.580185,138.74463,-17.307346,-9.777328,1548.9742,1255.1212,1450.0798,1265.8835,1377.1351,1208.9144,1091.2322,1026.9386,1042.1581,1093.8292,1091.7838
26,4.55974,6.2608786,-17.91441,-13.760225,118.001595,3.1166744,7.6488533,-121.12436,124.167336,-52.20191,54.965557,143.33066,4.4371586,230.77975,224.8541,26.658482,5.505323,-22.875729,121.69606,134.33647,-20.709158,-13.389634,1545.0532,1255.86,1444.3862,1257.5426,1376.3159,1209.4777,1090.6987,1023.16077,1040.6859,1092.5452,1090.8257
27,4.226389,6.9229956,-18.19886,-13.414679,118.471924,3.5376034,8.079086,-120.371475,124.03575,-51.55468,55.642025,153.266,5.1838875,237.20015,225.20525,33.70439,4.442604,-26.09073,116.87344,130.02637,-24.176296,-16.81585,1541.3501,1256.4166,1437.8754,1249.9332,1375.407,1210.4943,1090.5996,1020.80383,1039.033,1091.7156,1091.2834
28,3.6858215,7.401843,-18.647228,-13.087378,118.60642,3.8718472,8.505257,-119.51163,123.88447,-50.959785,56.37779,163.6466,6.0098133,243.70206,225.38,41.02711,3.5519795,-29.64452,111.94878,125.496635,-27.674007,-20.375893,1536.7305,1256.6702,1430.3418,1241.6294,1373.7776,1210.987,1090.0367,1018.27277,1036.5968,1090.5872,1091.2445
29,3.0133553,7.8068304,-19.308018,-12.853603,118.61133,4.0925045,8.941151,-118.687294,123.714645,-50.390488,57.09728,174.35204,6.848488,250.37317,225.52792,48.63894,2.748602,-33.368225,106.93084,120.90205,-31.257645,-24.056078,1531.6304,1256.9243,1422.3262,1233.0709,1371.9197,1211.3604,1089.473,1015.575,1034.0093,1089.4849,1090.9216
30,2.2959042,8.235627,-20.126995,-12.723154,118.57792,4.254368,9.452965,-117.93132,123.51271,-49.77897,57.82943,185.35352,7.7283707,257.23163,225.65352,56.554176,2.0328045,-37.191475,101.7921,116.30287,-34.945812,-27.81908,1525.9984,1257.1309,1413.839,1224.2305,1369.7631,1211.6682,1088.9532,1012.68335,1031.3708,1088.4467,1090.3973
31,1.5718441,8.724864,-21.03603,-12.648134,118.51081,4.390894,10.058228,-117.21637,123.28104,-49.106434,58.593327,196.6215,8.716017,264.22675,225.7107,64.767456,1.4550343,-41.070114,96.5396,111.70714,-38.698154,-31.623903,1519.6484,1257.1936,1404.7434,1214.9792,1367.0931,1211.8542,1088.4191,1009.5994,1028.6204,1087.4464,1089.7076
32,0.83233833,9.2490835,-22.03466,-12.616619,118.383316,4.492258,10.739948,-116.52172,123.04272,-48.390957,59.37642,208.10397,9.845177,271.32928,225.68813,73.25371,1.0333633,-44.96003,91.2272,107.13004,-42.468414,-35.438316,1512.5676,1257.1082,1395.0453,1205.3257,1363.8783,1211.9188,1087.8561,1006.3632,1025.7719,1086.476,1088.8949
33,0.032123566,9.68826,-23.091526,-12.64621,118.20108,4.581436,11.35136,-115.83696,122.808815,-47.695465,60.123432,219.72736,11.129839,278.45898,225.55406,81.97608,0.6773977,-48.8192,85.875534,102.50388,-46.2604,-39.224274,1504.6084,1256.6222,1384.6516,1195.2081,1359.9388,1211.6681,1087.0142,1002.8978,1022.64166,1085.2893,1087.8893
34,-0.8619404,10.022155,-24.21407,-12.7595215,117.944695,4.64427,11.883358,-115.166794,122.57944,-47.030502,60.824352,231.4386,12.580247,285.57062,225.29349,90.90445,0.3948803,-52.625957,80.49948,97.84912,-50.038197,-42.959557,1495.7047,1255.6711,1373.5121,1184.609,1355.2056,1211.0491,1085.8665,999.1744,1019.1929,1083.8213,1086.6494
35,-1.9063072,10.237929,-25.418484,-12.981693,117.5973,4.671875,12.332516,-114.50716,122.34705,-46.396606,61.46775,243.17038,14.202036,292.593,224.88266,100.00411,0.19057274,-56.356182,75.09927,93.18462,-53.77569,-46.618523,1485.7545,1254.1708,1361.5637,1173.4958,1349.6095,1209.9937,1084.3785,995.14264,1015.3749,1081.9972,1085.1161
36,-3.101925,10.31424,-26.703026,-13.327656,117.1608,4.6484547,12.671745,-113.874275,122.09944,-45.814777,62.02401,254.84833,16.001373,299.4539,224.30331,109.223946,0.07819748,-59.99211,69.68134,88.5157,-57.452744,-50.178833,1474.6699,1252.0148,1348.7512,1161.8358,1343.0404,1208.3994,1082.4832,990.7336,1011.12415,1079.7509,1083.2098
37,-4.4222927,10.260785,-28.081055,-13.802277,116.612595,4.5448685,12.91465,-113.27705,121.82352,-45.301373,62.479588,266.38586,17.97866,306.09293,223.54295,118.50709,0.1093483,-63.511757,64.278946,83.860985,-61.044147,-53.627487,1462.4374,1249.1688,1335.0376,1149.6056,1335.4365,1206.2141,1080.1442,985.8769,1006.4234,1077.0863,1080.8656
38,-5.842985,10.0897875,-29.556599,-14.406223,115.92387,4.3372555,13.080181,-112.716606,121.510864,-44.863274,62.83294,277.68393,20.128162,312.45502,222.59456,127.77717,0.32645893,-66.881325,58.947807,79.25995,-64.50966,-56.942883,1449.076,1245.6182,1320.4209,1136.8086,1326.7769,1203.4066,1077.3387,980.53375,1001.2772,1074.0066,1078.0386
39,-7.3413944,9.794053,-31.118454,-15.1496525,115.106514,4.022787,13.157276,-112.198044,121.156235,-44.509674,63.076164,288.64334,22.44768,318.47293,221.4489,136.95906,0.73705673,-70.06314,53.731216,74.742325,-67.81188,-60.092735,1434.6047,1241.3186,1304.9231,1123.466,1317.0443,1199.9354,1074.0364,974.6915,995.6716,1070.4799,1074.7119
40,-8.888449,9.377706,-32.758057,-16.041416,114.186226,3.6058464,13.137978,-111.729416,120.75522,-44.241547,63.210342,299.19046,24.93189,324.1048,220.11143,145.98657,1.3434639,-73.02892,48.668427,70.33815,-70.91979,-63.04732,1419.0834,1236.259,1288.5984,1109.624,1306.2661,1195.7849,1070.2283,968.36194,989.6123,1066.4998,1070.8857
41,-10.459589,8.8524065,-34.469788,-17.087746,113.19106,3.0943909,13.021259,-111.31799,120.310005,-44.05784,63.238926,309.24875,27.573963,329.3136,218.59738,154.79485,2.1478968,-75.74533,43.802635,66.08502,-73.7992,-65.77252,1402.6042,1230.448,1271.5409,1095.3585,1294.5015,1190.9639,1065.921,961.584,983.12225,1062.0756,1066.5814
42,-12.042734,8.223729,-36.246956,-18.290264,112.136826,2.4884357,12.807396,-110.974945,119.82217,-43.960186,63.161903,318.76077,30.361954,334.08337,216.93213,163.32452,3.1506305,-78.18578,39.175514,62.02115,-76.42332,-68.24133,1385.292,1223.9111,1253.8657,1080.7598,1281.833,1185.4899,1061.1318,954.40247,976.2302,1057.2273,1061.8181
43,-13.6166935,7.506875,-38.077316,-19.64111,111.04891,1.8010216,12.506443,-110.70299,119.29798,-43.944275,62.98446,327.66736,33.279854,338.4016,215.15152,171.51773,4.352363,-80.32361,34.834206,58.18709,-78.761566,-70.42203,1367.2969,1216.6995,1235.7119,1065.9443,1268.3661,1179.3982,1055.8939,946.87317,968.9792,1051.996,1056.628
44,-15.174265,6.7179995,-39.95172,-21.127186,109.94155,1.0451393,12.133217,-110.49877,118.747894,-44.002853,62.715878,335.92935,36.308216,342.2624,213.29214,179.32765,5.748638,-82.14336,30.816284,54.618477,-80.7895,-72.29056,1348.7864,1208.8804,1217.2355,1051.0342,1254.2251,1172.7329,1050.2507,939.0532,961.41486,1046.4177,1051.049
45,-16.706388,5.873866,-41.85412,-22.731785,108.827866,0.2360344,11.705864,-110.3569,118.17891,-44.129086,62.36746,343.5305,39.433334,345.67163,211.38722,186.73096,7.3350782,-83.63698,27.149307,51.34572,-82.48919,-73.82588,1329.9255,1200.5355,1198.5812,1036.1417,1239.5363,1165.5525,1044.2588,930.99756,953.58344,1040.5256,1045.1256
46,-18.191675,4.9941206,-43.76561,-24.435905,107.72583,-0.6111202,11.239525,-110.27195,117.59717,-44.307114,61.953987,350.4574,42.634842,348.63892,209.46744,193.6974,9.097701,-84.79793,23.857147,48.39138,-83.84836,-75.02016,1310.8766,1191.7341,1179.8845,1021.361,1224.432,1157.9137,1037.9543,922.7557,945.5283,1034.3531,1038.8928
47,-19.614592,4.0948763,-45.667557,-26.216839,106.65073,-1.4814835,10.743542,-110.23514,117.01245,-44.52585,61.488663,356.72876,45.89318,351.19348,207.56212,200.21416,11.016568,-85.63217,20.949493,45.766808,-84.865,-75.87896,1291.7874,1182.5504,1161.2725,1006.7714,1209.0421,1149.8713,1031.3784,914.3697,937.28906,1027.9192,1032.3894
48,-20.965586,3.1865664,-47.540993,-28.052216,105.60764,-2.3648586,10.22369,-110.23868,116.43464,-44.774242,60.97934,362.35425,49.18914,353.35565,205.68849,206.26947,13.071489,-86.14519,18.431015,43.47197,-85.542206,-76.40935,1272.7751,1173.035,1142.8511,992.43896,1193.4757,1141.4747,1024.5604,905.8842,928.9062,1021.24054,1025.6539
49,-22.241953,2.277444,-49.370453,-29.916576,104.59882,-3.2518368,9.687656,-110.27599,115.8738,-45.045486,60.434864,367.3504,52.499863,355.14764,203.86241,211.86034,15.241512,-86.35263,16.29898,41.502396,-85.8953,-76.6224,1253.9468,1163.2439,1124.7151,978.423,1177.8352,1132.7775,1017.53705,897.3376,920.4188,1014.34204,1018.71796
50,-23.430243,1.3745928,-51.140457,-31.791893,103.63226,-4.1378765,9.139599,-110.343796,115.32987,-45.337242,59.855522,371.74,55.80388,356.59186,202.09885,216.98691,17.504261,-86.2702,14.546097,39.850082,-85.94098,-76.53563,1235.4141,1153.2365,1106.9548,964.7743,1162.232,1123.836,1010.3324,888.766,911.86194,1007.2553,1011.61633
51,-24.528952,0.48466206,-52.830704,-33.654263,102.71484,-5.01394,8.585514,-110.43192,114.81148,-45.645905,59.25359,375.58353,59.09092,357.73334,200.40201,221.6807,19.838417,-85.924835,13.149139,38.49794,-85.69893,-76.176346,1217.2322,1143.0718,1089.6128,951.50726,1146.7313,1114.7007,1002.9916,880.201,903.2605,999.98975,1004.3869
52,-25.550005,-0.39492226,-54.43772,-35.4883,101.83753,-5.880246,8.025188,-110.532974,114.31869,-45.964607,58.63401,378.92322,62.34604,358.60422,198.7755,225.9627,22.226608,-85.33852,12.0881195,37.430817,-85.19236,-75.56769,1199.457,1132.8007,1072.7222,938.639,1131.3962,1105.4152,995.54376,871.66235,894.6446,992.5765,997.05444
53,-26.509058,-1.2624197,-55.96501,-37.283855,100.99233,-6.736679,7.4620132,-110.64247,113.85256,-46.2899,58.000748,381.80627,65.55739,359.23578,197.22443,229.85696,24.653513,-84.53349,11.334625,36.632416,-84.44415,-74.73511,1182.1221,1122.4642,1056.3114,926.1739,1116.2732,1096.019,988.0132,863.1708,886.03796,985.03925,989.6387
54,-27.412436,-2.114602,-57.418137,-39.03437,100.178,-7.5837345,6.8993683,-110.7607,113.41162,-46.618248,57.356495,384.273,68.71124,359.64957,195.74976,233.38281,27.10226,-83.53624,10.860077,36.08184,-83.4831,-73.70232,1165.2579,1112.1058,1040.4097,914.1217,1101.4136,1086.5575,980.42316,854.7556,877.4704,977.41956,982.1697
55,-28.263842,-2.9471617,-58.8023,-40.73327,99.3942,-8.417007,6.3404846,-110.887344,112.99605,-46.945698,56.70557,386.35834,71.79534,359.8698,194.35513,236.55536,29.55812,-82.37109,10.644287,35.760895,-82.33163,-72.48907,1148.9014,1101.7717,1025.046,902.5,1086.8701,1077.074,972.806,846.4452,868.97577,969.76056,974.67395
56,-29.066881,-3.7583103,-60.123184,-42.378223,98.64116,-9.234115,5.790352,-111.02324,112.60267,-47.269524,56.05135,388.10245,74.800316,359.92657,193.04375,239.39842,32.00556,-81.06219,10.661682,35.649498,-81.016495,-71.11972,1133.0806,1091.5046,1010.2372,891.31995,1072.6836,1067.6143,965.19336,838.2638,860.5853,962.09814,967.1771
57,-29.8304,-4.548087,-61.38801,-43.96709,97.91492,-10.032721,5.2483864,-111.16574,112.22885,-47.58711,55.39719,389.54385,77.71923,359.84515,191.81642,241.93806,34.432793,-79.63254,10.886322,35.727745,-79.55989,-69.61679,1117.8086,1081.3463,995.9863,880.5813,1058.8816,1058.2184,957.61475,830.2357,852.3285,954.4706,959.7075
58,-30.557764,-5.313905,-62.60022,-45.501316,97.21777,-10.812056,4.7153664,-111.316376,111.87095,-47.89946,54.743507,390.71628,80.55022,359.64716,190.67297,244.19899,36.83297,-78.09724,11.295715,35.97972,-77.98148,-68.00233,1103.0763,1071.3162,982.27997,870.26764,1045.473,1048.9082,950.08685,822.3687,844.2181,946.8954,952.28174
59,-31.251516,-6.056636,-63.765587,-46.982677,96.55142,-11.571719,4.1908703,-111.477165,111.52467,-48.209198,54.09273,391.6626,83.29356,359.35858,189.61397,246.20819,39.198326,-76.47261,11.86644,36.389053,-76.30364,-66.29903,1088.877,1061.4391,969.10474,860.3617,1032.4637,1039.7075,942.6281,814.67444,836.26636,939.39325,944.9174
60,-31.912088,-6.7742634,-64.88802,-48.41164,95.91995,-12.307465,3.676876,-111.648994,111.18975,-48.514328,53.45106,392.42575,85.94699,359.01025,188.64337,247.99538,41.51972,-74.77872,12.580948,36.937157,-74.55045,-64.52878,1075.2188,1051.7457,956.4571,850.85913,1019.868,1030.6482,935.2681,807.1685,828.4907,931.99164,937.63806
61,-32.536636,-7.4649982,-65.97262,-49.791286,95.328865,-13.016912,3.1741238,-111.833824,110.8632,-48.814236,52.82005,393.03732,88.509674,358.62125,187.7628,249.58406,43.789867,-73.028946,13.42395,37.610695,-72.739685,-62.70935,1062.1072,1042.2616,944.33606,841.7584,1007.70166,1021.7567,928.02844,799.86475,820.9084,924.7129,930.464
62,-33.128357,-8.126588,-67.02694,-51.125202,94.78036,-13.698412,2.6854496,-112.03322,110.54396,-49.10495,52.203735,393.52774,90.97973,358.2109,186.9727,250.99614,46.00188,-71.23726,14.376541,38.395103,-70.8894,-60.85983,1049.5375,1033.0046,932.73096,833.04926,995.97363,1013.0548,920.924,792.77344,813.53265,917.5773,923.4098
63,-33.692787,-8.759663,-68.0572,-52.417385,94.2735,-14.3504505,2.2150955,-112.24902,110.23186,-49.38411,51.60585,393.92358,93.359215,357.79553,186.27136,252.25339,48.15231,-69.414536,15.422394,39.27865,-69.01472,-58.99641,1037.4991,1023.9879,921.6262,824.71814,984.6853,1004.5601,913.9669,785.9044,806.3767,910.5978,916.4907
64,-34.238853,-9.364179,-69.06945,-53.670284,93.80434,-14.974392,1.7648621,-112.48365,109.9257,-49.647537,51.029186,394.24524,95.6488,357.38623,185.65453,253.37302,50.23961,-67.572044,16.543808,40.24893,-67.12956,-57.13104,1025.9767,1015.2168,911.00604,816.7489,973.8336,996.28436,907.1647,779.2612,799.4485,903.79034,909.7159
65,-34.773476,-9.935733,-70.06797,-54.886517,93.369675,-15.570346,1.3376446,-112.73674,109.624535,-49.88967,50.477406,394.51276,97.851456,356.9934,185.11632,254.37297,52.26671,-65.720215,17.722351,41.294044,-65.244064,-55.27308,1014.9505,1006.69305,900.84796,809.12537,963.40955,988.232,900.5276,772.84064,792.74915,897.1663,903.0865
66,-35.30104,-10.471524,-71.057014,-56.069355,92.96769,-16.136637,0.93590736,-113.00621,109.32928,-50.106026,49.953663,394.7405,99.97107,356.62512,184.6509,255.27205,54.235405,-63.8664,18.944885,42.404648,-63.366673,-53.42816,1004.40643,998.4201,891.13684,801.8377,953.4085,980.4079,894.0638,766.6404,786.27905,890.73004,896.61084
67,-35.82241,-10.9680605,-72.042046,-57.225735,92.59912,-16.670824,0.5611496,-113.29381,109.03862,-50.293785,49.46192,394.9516,102.01335,356.29224,184.25378,256.09155,56.146854,-62.021873,20.195374,43.571556,-61.509003,-51.603706,994.3246,990.4014,881.8551,794.8727,943.81824,972.81354,887.78076,760.6554,780.0355,884.48267,890.295
68,-36.34027,-11.424164,-73.02487,-58.358425,92.26174,-17.172224,0.21357346,-113.599304,108.75306,-50.449646,49.0053,395.1559,103.98257,355.99854,183.91776,256.84503,58.00244,-60.194134,21.462524,44.784683,-59.679066,-49.804348,984.6824,982.6301,872.98,788.21375,934.6217,965.4459,881.6804,754.88196,774.01215,878.4232,884.13947
69,-36.857185,-11.840269,-74.008064,-59.467457,91.954704,-17.638557,-0.10289955,-113.91951,108.4763,-50.57077,48.58741,395.35718,105.880585,355.74738,183.63788,257.5432,59.80188,-58.389206,22.739136,46.038445,-57.883728,-48.033966,975.4709,975.11035,864.50183,781.8549,925.8124,958.30853,875.7681,749.3191,768.20874,872.55286,878.1526
70,-37.372223,-12.214371,-74.99284,-60.55431,91.68065,-18.067545,-0.3834858,-114.25123,108.21237,-50.65269,48.21363,395.5682,107.710846,355.54816,183.41098,258.2009,61.544373,-56.613964,24.01715,47.3247,-56.130714,-46.297424,966.67786,967.8417,856.4054,775.7845,917.3805,951.4043,870.04376,743.9651,762.61743,866.86914,872.3401
71,-37.886665,-12.54682,-75.98039,-61.619686,91.43794,-18.457193,-0.62386894,-114.59145,107.96395,-50.693596,47.88687,395.79123,109.47658,355.40326,183.23566,258.82736,63.2312,-54.87061,25.291168,48.638374,-54.42467,-44.596527,958.2986,960.8241,848.68555,769.998,909.32416,944.7368,864.5089,738.8181,757.2366,861.3726,866.71173
72,-38.40171,-12.838926,-76.97291,-62.66534,91.22656,-18.806784,-0.82224274,-114.93959,107.73251,-50.69316,47.609123,396.03268,111.17941,355.31897,183.1103,259.43234,64.86108,-53.164726,26.55545,49.973366,-52.772057,-42.933765,950.3296,954.0608,841.33496,764.49176,901.6411,938.3102,859.1669,733.87646,752.0636,856.0642,861.27344
73,-38.921104,-13.092954,-77.97489,-63.69412,91.04459,-19.118544,-0.9784317,-115.29594,107.51865,-50.652145,47.380203,396.29486,112.81897,355.29498,183.03203,260.0218,66.4319,-51.500607,27.805054,51.325073,-51.177807,-41.31205,942.76306,947.55115,834.3473,759.2611,894.32544,932.12427,854.01514,729.1382,747.09357,850.94366,856.0248
74,-39.446373,-13.311998,-78.98827,-64.7074,90.89141,-19.39439,-1.0902462,-115.65787,107.3255,-50.571686,47.1995,396.5813,114.398445,355.3296,182.99763,260.60428,67.944824,-49.879196,29.03505,52.6903,-49.642746,-39.732872,935.5827,941.29095,827.70886,754.29456,887.3656,926.1751,849.04694,724.60016,742.3178,846.00574,850.96564
75,-39.983246,-13.500793,-80.01933,-65.71121,90.764305,-19.63878,-1.1599731,-116.02504,107.15178,-50.456375,47.061615,396.8919,115.91956,355.41754,183.00278,261.18472,69.40007,-48.300495,30.240585,54.063652,-48.16707,-38.197906,928.76697,935.26904,821.40247,749.581,880.7448,920.4512,844.2515,720.2524,737.725,841.24207,846.08685
76,-40.536804,-13.663578,-81.0735,-66.70978,90.65947,-19.85376,-1.1890965,-116.39575,106.9969,-50.308445,46.964306,397.2279,117.38388,355.55685,183.04341,261.76907,70.79758,-46.766994,31.416313,55.43895,-46.75227,-36.70909,922.3004,929.48035,815.41095,745.11255,874.45264,914.94653,839.62756,716.0853,733.30756,836.64496,841.3845
77,-41.108574,-13.803591,-82.15091,-67.70296,90.57285,-20.04036,-1.1795921,-116.768524,106.86139,-50.130337,46.905994,397.58707,118.79265,355.74493,183.11832,262.35846,72.13788,-45.279663,32.560562,56.812565,-45.3985,-35.26612,916.1747,923.9226,809.72754,740.88354,868.4839,909.6594,835.1744,712.09485,729.0616,832.2117,836.85986
78,-41.69877,-13.925446,-83.25167,-68.690735,90.50193,-20.200489,-1.1357613,-117.14257,106.7439,-49.926865,46.882515,397.9653,120.14531,355.97766,183.22566,262.9509,73.42076,-43.83909,33.672707,58.180317,-44.10628,-33.868843,910.3822,918.5938,804.3474,736.8912,862.83215,904.58594,830.8928,708.2755,724.98486,827.9426,832.5093
79,-42.31295,-14.0325575,-84.37915,-69.67604,90.44302,-20.336689,-1.0597687,-117.518265,106.642334,-49.701736,46.890015,398.3639,121.44262,356.25336,183.36319,263.54898,74.647446,-42.4476,34.74801,59.53779,-42.8768,-32.517952,904.9043,913.4844,799.255,733.12354,857.48157,899.7169,826.7788,704.6163,721.0688,823.8326,828.3247
80,-42.95504,-14.125892,-85.53402,-70.66005,90.3926,-20.450294,-0.9525776,-117.89498,106.556786,-49.456253,46.92709,398.7803,122.68435,356.56824,183.528,264.15204,75.81899,-41.1073,35.783127,60.881256,-41.71027,-31.214237,899.7289,908.58875,794.44006,729.5747,852.4221,895.0475,822.83167,701.1111,717.309,819.87836,824.30176
81,-43.626465,-14.207982,-86.71635,-71.64372,90.34721,-20.543812,-0.8171673,-118.273254,106.48553,-49.193085,46.990902,399.21036,123.87081,356.9183,183.7184,264.7568,76.936,-39.81742,36.778503,62.20809,-40.60581,-29.957067,894.8473,903.8995,789.895,726.2373,847.6454,890.57184,819.0453,697.7549,713.7014,816.0774,820.43506
82,-44.334175,-14.280665,-87.93372,-72.633514,90.30181,-20.61902,-0.6562519,-118.65449,106.426285,-48.914726,47.07892,399.65878,125.00555,357.3029,183.93181,265.3665,78.00087,-38.578156,37.731125,63.51463,-39.562744,-28.744576,890.2317,899.4014,785.59924,723.09326,843.12946,886.27563,815.4099,694.5348,710.23615,812.41986,816.7143
83,-45.07946,-14.343654,-89.18679,-73.63075,90.25498,-20.67557,-0.4706688,-119.03798,106.37929,-48.62072,47.19141,400.12476,126.09111,357.72083,184.16667,265.9818,79.01594,-37.388855,38.640778,64.79854,-38.579704,-27.575832,885.8642,895.083,781.537,720.1305,838.8605,882.14996,811.91943,691.44135,706.906,808.89795,813.13416
84,-45.865875,-14.399168,-90.4777,-74.63794,90.20272,-20.715569,-0.26108932,-119.42387,106.344444,-48.31108,47.327393,400.60733,127.127686,358.16943,184.4209,266.6029,79.981834,-36.249466,39.5067,66.058624,-37.65693,-26.452211,881.7334,890.9369,777.69763,717.3386,834.8286,878.1886,808.5644,688.46924,703.70465,805.50543,809.6926
85,-46.696205,-14.449154,-91.80848,-75.65794,90.14153,-20.740273,-0.02863121,-119.811295,106.32157,-47.985855,47.48641,401.107,128.119,358.64862,184.69403,267.23242,80.90189,-35.157852,40.329636,67.29451,-36.792522,-25.372719,877.8229,886.9525,774.06604,714.7064,831.0193,874.38245,805.3379,685.6089,700.6248,802.2357,806.38403
86,-47.57229,-14.494464,-93.17899,-76.691055,90.068375,-20.750921,0.22550392,-120.19971,106.31102,-47.645737,47.66717,401.61813,129.06708,359.1546,184.98566,267.86865,81.77914,-34.111347,41.111603,68.50746,-35.983215,-24.33604,874.1211,883.1216,770.63184,712.2269,827.4221,870.72424,802.2348,682.8537,697.662,799.08344,803.2036
87,-48.495575,-14.535857,-94.58911,-77.73862,89.98073,-20.748709,0.5009384,-120.58937,106.31283,-47.29117,47.869335,402.1391,129.97472,359.68494,185.29459,268.5113,82.616196,-33.107887,41.853485,69.69769,-35.226456,-23.341202,870.6144,879.43353,767.3802,709.8871,824.0246,867.20605,799.2456,680.1975,694.8074,796.0413,800.14655
88,-49.470024,-14.575594,-96.04268,-78.80348,89.87474,-20.735676,0.7956238,-120.980644,106.326065,-46.92383,48.09112,402.67145,130.84666,360.2391,185.62042,269.1628,83.417984,-32.145123,42.55606,70.8655,-34.518337,-22.384848,867.28296,875.87744,764.2949,707.6759,820.80835,863.8166,796.3628,677.6312,692.05396,793.10223,797.20416
89,-50.499596,-14.614465,-97.54387,-79.89041,89.748795,-20.713299,1.1084614,-121.374115,106.34962,-46.544285,48.331837,403.2189,131.69012,360.81927,185.96323,269.82797,84.191734,-31.218857,43.221695,72.01164,-33.853912,-21.461658,864.09906,872.4349,761.3523,705.575,817.7478,860.5396,793.5752,675.14087,689.39105,790.2566,794.3632
90,-51.586937,-14.654642,-99.09387,-81.000305,89.59965,-20.683279,1.4368763,-121.76988,106.38331,-46.154305,48.589596,403.78033,132.50969,361.424,186.32303,270.50723,84.94214,-30.32481,43.853973,73.13791,-33.227703,-20.567873,861.0458,869.095,758.5373,703.5739,814.8275,857.3647,790.87616,672.7195,686.8122,787.49817,791.61584
91,-52.73342,-14.697652,-100.69299,-82.13368,89.424805,-20.64707,1.7784519,-122.16765,106.42689,-45.755234,48.862644,404.35477,133.30922,362.05164,186.69969,271.20078,85.67326,-29.459476,44.45552,74.244995,-32.635025,-19.701216,858.1092,865.84973,755.83826,701.6644,812.03455,854.28424,788.261,670.3617,684.31244,784.823,788.957
92,-53.943336,-14.745156,-102.34465,-83.293655,89.220604,-20.607912,2.1320686,-122.56818,106.479126,-45.348457,49.14934,404.94595,134.09483,362.7025,187.09242,271.913,86.39041,-28.619255,45.02717,75.333206,-32.07173,-18.859373,855.26666,862.6835,753.2328,699.8252,809.34766,851.2867,785.71625,668.05786,681.87854,782.22,786.37744
93,-55.22032,-14.79738,-104.0558,-84.48642,88.98752,-20.565575,2.4989643,-122.97099,106.53902,-44.933342,49.45029,405.56516,134.87968,363.38397,187.50244,272.65692,87.10336,-27.797272,45.570435,76.405876,-31.531033,-18.038635,852.48236,859.5799,750.68726,698.03064,806.7344,848.3593,783.23206,665.7944,679.4965,779.6778,783.8705
94,-56.56192,-14.853404,-105.82733,-85.712234,88.72779,-20.51882,2.8776913,-123.374756,106.60747,-44.50937,49.765617,406.2105,135.66753,364.0952,187.9308,273.43314,87.81666,-26.989933,46.09046,77.46581,-31.007534,-17.234453,849.74725,856.53613,748.1983,696.27966,804.1865,845.4983,780.8084,663.56995,677.16516,777.19794,781.43365
95,-57.970573,-14.912384,-107.66469,-86.97458,88.44275,-20.46637,3.2686062,-123.77867,106.68413,-44.07509,50.0969,406.89005,136.46696,364.8429,188.37953,274.25067,88.53785,-26.193062,46.588806,78.516174,-30.495525,-16.441923,847.03613,853.54047,745.74347,694.55585,801.68115,842.6926,778.43933,661.37445,674.8747,774.7738,779.05896
96,-59.441162,-14.966587,-109.57062,-88.2767,88.141426,-20.40686,3.6744595,-124.17862,106.76314,-43.6315,50.44716,407.60568,137.28578,365.61694,188.84012,275.11942,89.2805,-25.407541,47.071327,79.561264,-29.995247,-15.648604,844.3404,850.59143,743.27405,692.78906,799.20935,839.9482,776.1253,659.2068,672.6128,772.4167,776.7654
97,-60.974648,-15.013859,-111.54982,-89.62184,87.826515,-20.338663,4.0963306,-124.5735,106.84289,-43.178543,50.81632,408.36252,138.13184,366.4204,189.31363,276.04587,90.05264,-24.628902,47.54133,80.60559,-29.500648,-14.848418,841.64215,847.6819,740.7693,690.964,796.7541,837.25745,773.8673,657.06006,670.3729,770.12305,774.5481
98,-62.572136,-15.054839,-113.602234,-91.00867,87.49665,-20.260796,4.532175,-124.96332,106.924095,-42.71585,51.203712,409.15964,139.00867,367.25598,189.80406,277.02954,90.85819,-23.85166,48.002213,81.65364,-29.00388,-14.037456,838.93134,844.8065,738.2266,689.08795,794.30695,834.6113,771.6656,654.9299,668.1547,767.8875,772.3981
99,-64.237915,-15.086598,-115.736664,-92.44223,87.15331,-20.170174,4.9843845,-125.347275,107.00674,-42.240547,51.61156,410.0091,139.92717,368.1339,190.31598,278.08145,91.705315,-23.068298,48.455055,82.711075,-28.49578,-13.208629,836.1776,841.94904,735.625,687.1499,791.84265,831.9928,769.5127,652.80365,665.94775,765.6965,770.30115
100,-65.975945,-15.106606,-117.96303,-93.92709,86.79812,-20.063635,5.4554462,-125.72487,107.09222,-41.749374,52.043728,410.91907,140.8967,369.06332,190.85556,279.2112,92.601974,-22.271523,48.902023,83.78435,-27.968233,-12.3558035,833.3587,839.09607,732.95233,685.14276,789.34033,829.3875,767.39954,650.6712,663.7428,763.54034,768.2458
